cell_line	similarity_metric
A549	0.5284421096662185
ES2	0.5028211267415689
HCC44	0.45850017825559725
